{"cameraMode":{"drawMode":0,"name":"Shaded","section":"Shading Mode"},"sceneLighting":false,"audioPlay":false,"sceneViewState":{"showFog":true,"showMaterialUpdate":false,"showSkybox":true,"showFlares":true,"showImageEffects":true,"showParticleSystems":true},"in2DMode":false,"pivot":{"x":0.07999998331069946,"y":0.9900000095367432,"z":-16.299999237060548},"rotation":{"x":-0.30026447772979739,"y":0.0876864343881607,"z":-0.027731996029615403,"w":-0.9494121074676514},"size":7.127108573913574,"orthographic":false}