{"cameraMode":{"drawMode":0,"name":"Shaded","section":"Shading Mode"},"sceneLighting":false,"audioPlay":false,"sceneViewState":{"showFog":true,"showMaterialUpdate":false,"showSkybox":true,"showFlares":true,"showImageEffects":true,"showParticleSystems":true},"in2DMode":false,"pivot":{"x":-5.960464477539063e-8,"y":5.960464477539063e-8,"z":3.5762786865234377e-7},"rotation":{"x":0.2143203467130661,"y":-0.2389206439256668,"z":0.054154641926288608,"w":0.9455439448356628},"size":5.715771675109863,"orthographic":false}